CEWID,ParticipantName,DBA,ParticipantRole,ParticipantStatus,EffectiveDate,PhysicalAddress,PhysicalCity,PhysicalState,PhysicalZipcode,PhysicalCounty,MailingAddress,MailingCity,MailingState,MailingZipcode,PhoneNumber,PrimaryContact,PrimaryContactEmail
103632,Certified Waste Solutions,"(a DBA of FRG Waste Resources, Inc.)",Collector,Active,3/27/2014,100 Dodd Ct ,American Canyon,CA,94503,Napa,100 Dodd Ct ,American Canyon,CA,94503,(707) 647-3700,Ron Rohrer,ron@frgwaste.com
103893,"Napa Recycling & Waste Services, LLC",,Collector,Active,1/9/2006,820 Levitin Way ,American Canyon,CA,94503,Napa,P.O. Box 239 ,Napa,CA,94559,(707) 255-5200,Tim Dewey-Mattia,tim@naparecycling.com
105519,"A D S Gold, Inc.",,Collector,Active,3/16/2018,3843 E Eagle Dr ,Anaheim,CA,92807,Orange,3843 E Eagle Dr ,Anaheim,CA,92807,(714) 632-1888,Mark Thornberg,mark@adsgold.com
103962,CVT Recycling,"(a DBA of Republic Waste Services of Southern California, LLC)",Collector,Active,9/11/2020,1131 N Blue Gum St ,Anaheim,CA,92806,Orange,2775 E Gretta Ln ,Anaheim,CA,92806,(714) 238-3397,Pierre Fany,pfany@republicservices.com
103778,Orange County Conservation Corps,,Collector,Active,2/16/2006,1853 N Raymond Ave ,Anaheim,CA,92801,Orange,1853 N Raymond Ave ,Anaheim,CA,92801,(714) 956-6222,Jeremy Newton,jnewton@occorps.org
112256,Salvation Army Adult Rehabilitation Center (Anaheim),,Collector,Active,12/13/2010,1300 S Lewis St ,Anaheim,CA,92805,Orange,1300 S Lewis St ,Anaheim,CA,92805,(714) 758-0414,Fernando Martinez,fernando.martinez@usw.salvationarmy.org
100957,"Silicon Salvage, Inc.",,Collector/Recycler,Active,1/1/2005,1500 N Dale Ave ,Anaheim,CA,92801,Orange,1500 N Dale Ave ,Anaheim,CA,92801,(714) 523-2425,Debbie Allen,debbie@siliconsalvage.com
113986,Recology Auburn Placer,,Collector,Active,5/18/2012,12305 Shale Ridge Ln ,Auburn,CA,95602,Placer,P.O. Box 6566 ,Auburn,CA,95604,(530) 885-3735,Kayli Bolek,kbolek@recology.com
110994,"Alianza Recycling and Recovery, LLC",,Collector,Active,11/10/2009,2301 Gibson St ,Bakersfield,CA,93308,Kern,8810 Rehco Rd Suite #C,San Diego,CA,92121,(661) 873-4011,Larry Kurschner,larry@alianzarecycling.com
127264,Farmworkers Institute of Education and Leadership Development (FIELD),,Collector,Active,4/13/2020,2240 South Union Ave ,Bakersfield,CA,93307,Kern,122 E. Tehachapi Blvd. Suite C,Tehachapi,CA,93561,(887) 887-1112,Rosa Ruelas,rruelas@fieldinstitute.org
101424,Goodwill Industries of South Central California,,Collector,Active,3/28/2012,4901 Stine Rd ,Bakersfield,CA,93313,Kern,P.O. Box 11238 ,Bakersfield,CA,93389,(661) 837-0595,Orlando Champion,ochampion@giscc.org
104804,The Salvation Army Adult Rehabilitation Center (Bakersfield),,Collector,Active,8/16/2006,200 19th St ,Bakersfield,CA,93301,Kern,200 19th St ,Bakersfield,CA,93301,(661) 325-8626,Shane Sanders,shane.sanders@usw.salvationarmy.org
102265,Allan Company,(a DBA of Cedarwood-Young Company),Collector,Active,4/22/2005,14618 Arrow Hwy ,Baldwin Park,CA,91706,Los Angeles,14620 Joanbridge St ,Baldwin Park,CA,91706,(626) 962-4047,Rich Hubbard,rhubbard@allancompany.com
101138,WM San Gabriel,"(a DBA of Waste Management Collection and Recycling, Inc.)",Collector,Active,1/1/2005,13940 Live Oak Ave ,Baldwin Park,CA,91706,Los Angeles,13940 Live Oak Ave ,Baldwin Park,CA,91706,(626) 598-9026,Marie Aranda,maranda@wm.com
101993,Riverside County Department of Waste Resources,,Collector,Active,3/28/2005,16411 Lamb Canyon Rd ,Beaumont,CA,92223,Riverside,14310 Frederick St ,Moreno Valley,CA,92553,(951) 486-3200,Andy Cortez,acortez@rivco.org
127314,Human-I-T,,Collector,Active,8/28/2020,4941 S Eastern Ave ,Bell,CA,90201,Los Angeles,4941 S Eastern Ave ,Bell,CA,90201,(888) 268-3921,Hong Liang,hong.liang@human-i-t.org
103415,"Advocacy for Respect and Choice – Long Beach, Inc.",,Collector,Active,5/9/2008,9334 Alondra Blvd ,Bellflower,CA,90706,Los Angeles,4519 E Stearns St ,Long Beach,CA,90815,(714) 578-4000,Kristi Flowers,kflowers@value-village-stores.org
127632,"Bellflower Recycling Center, Inc.",,Collector/Recycler,Active,4/12/2024,17326 Woodruff Ave ,Bellflower,CA,90706,Los Angeles,17326 Woodruff Ave ,Bellflower,CA,90706,(562) 804-7270,Jonathan Jaffee,jonathanjaffee@gmail.com
104529,"PN California, Inc.",,Collector,Active,6/14/2024,9016 Somerset Blvd ,Bellflower,CA,90706,Los Angeles,9016 Somerset Blvd ,Bellflower,CA,90706,(562) 418-5474,Parmod Jain,pjain@pncalifornia.com
100285,Computer & Technology Resource Center,,Collector,Active,1/3/2005,620 Page St ,Berkeley,CA,94710,Alameda,42 Digital Dr Ste 2,Novato,CA,94949,(415) 883-1428,Ron Berry,ronb@ewastecollective.org
102948,"Big Bear Disposal, Inc.",,Collector,Active,9/30/2020,41970 Garstin Dr ,Big Bear Lake,CA,92315,San Bernardino,41974 Garstin Dr ,Big Bear Lake,CA,92315,(909) 866-3942,Doug Corcoran,dcorcoran@bigbeardisposal.com
101594,Inyo County Recycling and Waste Management,,Collector,Active,3/22/2007,110 Sunland Reservation Rd ,Bishop,CA,93514,Inyo,1360 N Main St ,Bishop,CA,93514,(760) 873-7191,Cap Aubrey,faubrey@inyocounty.us
117058,Corporate eWaste Solutions,,Collector/Recycler,Active,8/20/2025,331 Cliffwood Park St ,Brea,CA,92821,Orange,331 Cliffwood Park St ,Brea,CA,92821,(888) 388-2397,John Kim,jkim@cews.com
100582,"GreenCitizen, Inc.",,Collector,Active,1/1/2005,1831 Bayshore Hwy Ste 2,Burlingame,CA,94010,San Mateo,1831 Bayshore Hwy Ste 2,Burlingame,CA,94010,(650) 493-8700,James Kao,james.kao@greencitizen.com
127098,"Waste Management of California, Inc. (California City)",,Collector,Active,8/16/2024,19201 Neuralia Rd ,California City,CA,93505,Kern,416 N Dennison Rd ,Tehachapi,CA,93561,(661) 223-3480,Paulamarie Young,pyoung3@wm.com
102356,"Upper Valley Recycling, Inc.",,Collector,Active,4/17/2017,4380 Silverado Trail ,Calistoga,CA,94515,Napa,P.O. Box 382 ,St Helena,CA,94574,(707) 963-7988,Terry Kenney,tkenney@wcnx.org
100241,"Clean Harbors Environmental Services, Inc.",,Collector,Active,1/1/2005,880 Verdulera St ,Camarillo,CA,93010,Ventura,880 Verdulera St ,Camarillo,CA,93010,(805) 914-1472,Javier Manzano,manzano.javier@cleanharbors.com
116971,CAL E-WASTE RECYCLE LLC,,Collector,Active,4/12/2018,7871 Alabama Ave Unit 1,Canoga Park,CA,91304,Los Angeles,7871 Alabama Ave Unit 1,Canoga Park,CA,91304,(818) 854-6643,Aram Nalbantian,aramjoseph@gmail.com
113133,The Salvation Army Adult Rehabilitation Center (Canoga Park),,Collector,Active,2/2/2015,21375 Roscoe Blvd ,Canoga Park,CA,91304,Los Angeles,21375 Roscoe Blvd ,Canoga Park,CA,91304,(818) 449-4610,Michael Jones,michael.jones@usw.salvationarmy.org
127605,US Innovation Group Inc,,Collector,Active,5/30/2025,7751 Alabama Ave Ste 16,Canoga Park,CA,91304,Los Angeles,7751 Alabama Ave Ste 16,Canoga Park,CA,91304,(818) 651-6700,Thomas Zulfi,posways@gmail.com
101116,Waste Management Carson Transfer Station,"(a DBA of USA Waste of California, Inc.)",Collector,Active,4/4/2005,321 W Francisco St ,Carson,CA,90745,Los Angeles,321 W Francisco St ,Carson,CA,90745,(310) 217-6300,Armando Bracamontes,abracamo@wm.com
102538,City of Cathedral City,,Collector,Active,4/22/2005,68385 Kieley Rd ,Cathedral City,CA,92234,Riverside,68700 Avenida Lalo Guerrero ,Cathedral City,CA,92234,(760) 770-0369,Deanna Pressgrove,dpressgrove@cathedralcity.gov
104165,"Coastal Inkjets, Inc.",,Collector,Active,3/7/2006,10023 Canoga Ave ,Chatsworth,CA,91311,Los Angeles,10023 Canoga Ave ,Chatsworth,CA,91311,(818) 534-2316,Stephen Jevtic,coastalinkjets@gmail.com
100172,Butte Regional Household Hazardous Waste Facility,,Collector,Active,1/1/2005,1101 Marauder St ,Chico,CA,95973,Butte,1111 Marauder St ,Chico,CA,95973,(866) 429-2288,Katie Flint,kflint@republicservices.com
101641,"Computers for Classrooms, Inc.",,Collector,Active,1/24/2005,411 Otterson Dr Ste 100,Chico,CA,95928,Butte,411 Otterson Dr Ste 100,Chico,CA,95928,(530) 895-4175,Louis Davis,ldavis@computersforclassrooms.org
114635,The Salvation Army Chico ARP,,Collector,Active,3/15/2013,13404 Browns Valley Dr ,Chico,CA,95973,Butte,13404 Browns Valley Dr ,Chico,CA,95973,(530) 342-2199,Matt Kroll,matthew.kroll@usw.salvationarmy.org
113018,"Attan Recycling, Corp.",,Collector/Recycler,Active,6/13/2011,13941 Norton Ave Unit D,Chino,CA,91710,San Bernardino,13941 Norton Ave Unit D,Chino,CA,91710,(909) 591-8408,Ruilan Chen,ginitachen@gmail.com
127516,Green World E-Waste Removal,(a DBA of Jorge Preciado),Collector,Active,5/20/2022,5197 G St Ste A,Chino,CA,91710,San Bernardino,5197 G St Ste A,Chino,CA,91710,(909) 315-1820,Jorge Preciado,techsolutionsusa@hotmail.com
127199,"Secure EWaste Management, Inc.",,Collector,Active,4/14/2023,5220 Edison Ave ,Chino,CA,91710,San Bernardino,5220 Edison Ave ,Chino,CA,91710,(909) 517-9148,Sophia Lu,sophia@sem-recycle.com
105736,"USA Waste of California, Inc. (Chino)",,Collector,Active,2/1/2007,13793 Redwood St ,Chino,CA,91710,San Bernardino,13793 Redwood St ,Chino,CA,91710,(800) 423-9986,Israel Martinez,imartine@wm.com
116525,San Diego E-Waste,(a DBA of Gavin Lee Summers),Collector,Active,6/3/2016,"645 Marsat Ct, Suite B ",Chula Vista,CA,91911,San Diego,"645 Marsat Ct, Suite B ",Chula Vista,CA,91911,(619) 657-3103,Gavin Summers,gavinsummers2@gmail.com
109547,The Salvation Army (San Diego),,Collector,Active,7/20/2012,366 Broadway ,Chula Vista,CA,91910,San Diego,7425 Otay Mesa Rd ,San Diego,CA,92154,(619) 239-4037,Paul Swain,paul.swain@usw.salvationarmy.org
127897,Earth Friendly Recycle Inc,,Collector,Active,5/2/2025,925 Canada Ct ,City of Industry,CA,91748,Los Angeles,925 Canada Ct ,City of Industry,CA,91748,(626) 525-2636,Jeffrey Hu,jeffreyhu98@gmail.com
103847,"Global eRecyclers, Inc.",,Collector,Active,5/27/2016,900 Turnbull Canyon Road ,City of Industry,CA,91745,Los Angeles,3579 E Foothill Blvd #183,Pasadena,CA,91107,(562) 321-9312,Jasmin Zavahir,Jasmin@globale-r.com
105895,"Grand Central Recycling & Transfer Station, Inc.",,Collector,Active,6/1/2010,999 S Hatcher Ave ,City of Industry,CA,91748,Los Angeles,17445 Railroad St ,City Of Industry,CA,91748,(626) 855-5538,Andrew Palomares,andrewpalomares@zerepmanagement.com
105907,"Valley Vista Services, Inc.",,Collector,Active,6/1/2010,17445 Railroad St ,City Of Industry,CA,91748,Los Angeles,17445 Railroad St ,City Of Industry,CA,91748,(626) 961-6291,Andrew Palomares,apalomares@zerepmanagement.com
103142,"Burrtec Waste Industries, Inc. (Coachella)",,Collector,Active,9/28/2005,87-011A Landfill Road ,Coachella,CA,92236,Riverside,9890 Cherry Ave ,Fontana,CA,92335,(951) 786-0544,Robin Harger,rharger@burrtec.com
116754,Coalinga Community Foundation,,Collector,Active,5/11/2017,198 W Forest Ave ,Coalinga,CA,93210,Fresno,P.O. Box 124 ,Coalinga,CA,93210,(559) 935-1053,Carol Castillo,tomd@onemain.com
116626,"Homeboy Recycling, a California social purpose corporation",,Collector,Active,12/16/2016,6433 Canning St ,Commerce,CA,90040,Los Angeles,6433 Canning St ,Commerce,CA,90040,(323) 222-3322,Ana Pacheco,apacheco@homeboyrecycling.com
115066,"Pleasant Paper Recycling, Inc.",,Collector,Active,6/27/2025,1320 Galaxy Way ,Concord,CA,94520,Contra Costa,P.O. Box 6628 ,Concord,CA,94524,(925) 689-3900,Meixi Luan,meixi@concordrecyclingcenter.com
110141,"Sun's Pad & Foam Recycling, Inc.",,Collector,Active,4/17/2009,108 Medburn St #B1,Concord,CA,94520,Contra Costa,108 Medburn St #B1,Concord,CA,94520,(925) 246-7990,Kimthoa Ngo,sunsrecycling@yahoo.com
103255,El Sobrante Landfill,(a DBA of USA Waste of California),Collector,Active,10/25/2005,10910 Dawson Canyon Rd ,Corona,CA,92883-5020,Riverside,10910 Dawson Canyon Rd ,Corona,CA,92883-5020,(951) 277-5100,David Meyer,dmeyer9@wm.com
117034,Gold'n West Surplus,"(a DBA of Transpere, LLC)",Collector,Active,12/13/2024,1691 N Delilah St ,Corona,CA,92879,Riverside,2451 W Grapevine Mills Cir PMB 100,Grapevine,TX,76051,(817) 609-3888,Rick Lewis,rick.lewis@transpere.com
112336,"Gold'n West Surplus, Inc.",,Collector,Active,2/14/2013,1691 N Delilah St ,Corona,CA,92879,Riverside,1691 N Delilah St ,Corona,CA,92879,(951) 371-2020,Gail Cordenis,gailgwsinc@aol.com
116412,Monitor And CRT Recyclers of California,(a DBA of John Cordenis and Gail Cordenis),Collector/Recycler,Active,2/22/2016,1691 North Delilah Street ,Corona,CA,92879,Riverside,1691 North Delilah Street ,Corona,CA,92879,(951) 258-5351,John Cordenis,macrecyclersca@aol.com
114908,"USA Waste of California, Inc. (Corona)",,Collector,Active,1/10/2013,800 S Temescal St ,Corona,CA,92879-2058,Riverside,800 S Temescal St ,Corona,CA,92879-2058,(951) 817-2499,David Morri,dmorri@wm.com
101798,HAMBRO/WSG,,Collector,Active,3/22/2007,1700 State St ,Crescent City,CA,95531,Del Norte,P.O. Box 159 ,Crescent City,CA,95531,(707) 465-4656,Joel Wallen,joel.wallen@hambrowsg.com
102629,Stanislaus County Fink Road Landfill,,Collector,Active,6/7/2005,4000 Fink Rd ,Crows Landing,CA,95313,Stanislaus,P.O. Box 86 ,Crows Landing,CA,95313,(209) 837-4800,Robert Kostlivy,rkostlivy@envres.org
108774,"Pena's Disposal, Inc.",,Collector,Active,12/15/2022,12094 Avenue 408 ,Cutler,CA,93615,Tulare,12094 Avenue 408 ,Cutler,CA,93615,(559) 528-3909,Adrian Meza,adrian@penasdisposal.com
127252,Allied Recycling,"(a DBA of Wojo Enterprises, Inc.)",Collector,Active,2/21/2020,1425 N Magnolia Ave ,El Cajon,CA,92020,San Diego,1425 N Magnolia Ave ,El Cajon,CA,92020,(619) 390-6637,Dale Wojczynski,alliedrecycling1@gmail.com
116258,Universal Waste Disposal,(a DBA of Lights Out Disposal Company),Collector,Active,10/6/2015,515 Raleigh Ave ,El Cajon,CA,92020,San Diego,5694 Mission Center Rd # 371,San Diego,CA,92108,(619) 438-1093,Russ Fieguth,rusty@universalwaste.com
103585,"Waste Management of California, Inc. (El Cajon)",,Collector,Active,11/7/2005,1001 W Bradley Ave ,El Cajon,CA,92020,San Diego,1001 W Bradley Ave ,El Cajon,CA,92020,(619) 596-5100,Tim Powers,tpowers1@wm.com
111654,Recycle International,(a DBA of Ivan Moran Gavero),Collector,Active,6/17/2011,3229 Durfee Ave ,El Monte,CA,91732,Los Angeles,3229 Durfee Ave ,El Monte,CA,91732,(323) 806-3163,Ivan A Moran,imoran38@gmail.com
109866,Solano Garbage Company,,Collector,Active,6/7/2010,2901 Industrial Ct ,Fairfield,CA,94533,Solano,P.O. Box B ,Fairfield,CA,94533,(707) 437-8900,Gina Vasquez,gvasquez2@republicservices.com
100467,"City of Folsom, Hazardous Materials",,Collector,Active,1/24/2005,1300 Leidesdorff St ,Folsom,CA,95630,Sacramento,50 Natoma St ,Folsom,CA,95630,(916) 461-6730,Marc Santiago III,msantiago@folsom.ca.us
127389,LOOPTECH ELECTRONIC SOLUTION,,Collector,Active,5/5/2021,11625 Industry Ave ,Fontana,CA,92337,San Bernardino,11625 Industry Ave ,Fontana,CA,92337,(951) 727-8713,Jia Xi Guo,contact@looptechesolution.com
116172,"TLC Auctions Holdings, LLC",,Collector,Active,6/4/2015,10012 Citrus Ave ,Fontana,CA,92335,San Bernardino,10022 Citrus Ave ,Fontana,CA,92335,(909) 823-3428,Brian Kim,brian@tlcauctions.com
103222,"West Valley MRF, LLC",,Collector,Active,9/15/2005,13373 Napa St ,Fontana,CA,92335,San Bernardino,13373 Napa St ,Fontana,CA,92335,(909) 899-0911,Sean Heasley,sheasley@burrtec.com
110072,Recology Eel River,,Collector,Active,3/12/2009,965 Riverwalk Dr ,Fortuna,CA,95540,Humboldt,P.O. Box 188 ,Samoa,CA,95564,(707) 725-5156,Canaan Abdulhadi,cabdulhadi@recology.com
101457,Allied Waste Services of Alameda County,"(a DBA of Allied Waste Services of North America, LLC)",Collector,Active,4/13/2007,42600 Boyce Rd ,Fremont,CA,94538,Alameda,42600 Boyce Rd ,Fremont,CA,94538,(510) 657-3500,Joe Chu,jchu@republicservices.com
116703,Evergreen IT Solutions,(a DBA of JFG Asset Management),Collector,Active,3/29/2017,37390 Centralmont Pl ,Fremont,CA,94536,Alameda,37390 Centralmont Pl ,Fremont,CA,94536,(408) 612-1667,Juan Gonzalez,jgonzalez@evergreenitmanagement.com
108499,Fremont Recycling and Transfer Station,"(a DBA of BLT Enterprises of Fremont, LLC)",Collector,Active,5/23/2008,41149 Boyce Rd ,Fremont,CA,94538,Alameda,41149 Boyce Rd ,Fremont,CA,94538,(510) 252-0500,Rich Dubiel,rdubiel@blt-enterprises.com
103392,Surplus Service,(a DBA of Aleia Corp.),Collector,Active,9/9/2005,3090 Osgood Ct ,Fremont,CA,94539,Alameda,2335 Stewart Ave ,Walnut Creek,CA,94596,(510) 226-0600,Ryan Ramondetta,ryanr@surplusservice.com
116273,"Y2K Electronics Recycling, LLC",,Collector,Active,11/20/2015,44875 Industrial Dr Suite C,Fremont,CA,94538,Alameda,44875 Industrial Dr Suite C,Fremont,CA,94538,(510) 925-9919,Jose Gonzalez,jose@y2krecycling.com
102425,"Cedar Avenue Recycling and Transfer Station, LP",,Collector,Active,5/9/2008,3457 S Cedar Ave ,Fresno,CA,93725,Fresno,P.O. Box 446 ,Fresno,CA,93709,(559) 233-1158,Drake Montgomery,drakem@cagliarecycling.com
127947,College HUNKS Hauling Junk and Moving Fresno,(a DBA of Phlorez Industries Corp.),Collector,Active,7/3/2025,5845 E Terrace Ave ,Fresno,CA,93727,Fresno,5845 E Terrace Ave ,Fresno,CA,93727,(559) 696-5865,Art Flores,art.flores@chhj.com
116742,D & S Electronic Recycling,"(a DBA of Ricky Bernard Dunn, Jr.)",Collector,Active,4/21/2017,1310 N Crystal Ave Ste 104,Fresno,CA,93728,Fresno,1310 N Crystal Ave Ste 104,Fresno,CA,93728,(559) 498-0580,"Ricky B. Dunn, Jr.",info@dunnandson.net
102436,Dunn and Son Recycling,(a DBA of Ricky Dunn Sr),Collector,Active,10/15/2025,1253 Kern St ,Fresno,CA,93706,Fresno,3143 Matoian Way #323,Fresno,CA,93710,(559) 264-7782,"Ricky Dunn, Sr.",rdunnson@gmail.com
114247,"Electronic Recyclers of America, LLC",,Collector/Recycler,Active,5/3/2012,3243 S East Ave Suite 108,Fresno,CA,93725,Fresno,7815 N Palm Ave Suite 140,Fresno,CA,93711,(800) 374-3473,Aaron Blum,ablum@eridirect.com
103927,Fresno County Economic Opportunities Commission,,Collector,Active,7/14/2011,1805 E California Ave ,Fresno,CA,93706,Fresno,1920 Mariposa Mall Ste 300,Fresno,CA,93721,(559) 264-1048,Shawn Riggins,shawn.riggins@fresnoeoc.org
127617,Fresno Rescue Mission,,Collector,Active,3/30/2023,181 E Sierra Ave ,Fresno,CA,93710,Fresno,1850 E Griffith Way ,Fresno,CA,93726,(559) 440-0870,Sandra Patel,spatel@fresnomission.org
104677,Salvation Army Adult Rehabilitation Center (Fresno),,Collector,Active,6/19/2006,804 S Parallel Ave ,Fresno,CA,93721,Fresno,804 S Parallel Ave ,Fresno,CA,93721,(559) 490-7020,Elias Alejandro,elias.alejandro@usw.salvationarmy.org
104861,"California Waste Recovery Systems, LLC",,Collector,Active,6/28/2006,175 Enterprise Ct Ste A,Galt,CA,95632,Sacramento,175 Enterprise Ct Ste A,Galt,CA,95632,(209) 369-6887,Karlee Kane,karleekane@cal-waste.com
117046,California Electronics Recycler,(a DBA of e-Waste Services LLC),Collector,Active,6/19/2020,14235 Commerce Dr ,Garden Grove,CA,92843,Orange,14235 Commerce Dr ,Garden Grove,CA,92843,(714) 424-9109,Octavio DeLaTorre,Octavio@californiaelectronics.com
127885,E Waste Guardians,(a DBA of JDT Tech Inc),Collector,Active,1/10/2025,7281 Garden Grove Blvd Ste A,Garden Grove,CA,92841,Orange,7281 Garden Grove Blvd Ste A,Garden Grove,CA,92841,(619) 362-2565,Salahaldin M Alkhawaja,sales@ewasteguardians.com
127908,"Garcia Recycling Center and Metals, Inc.",,Collector,Active,5/16/2025,13862 Seaboard Cir ,Garden Grove,CA,92843,Orange,13862 Seaboard Cir ,Garden Grove,CA,92843,(714) 554-3213,Reymundo Garcia,garciarecycling@sbcglobal.net
103379,"ALLIED WASTE SERVICES OF NORTH AMERICA, LLC",,Collector,Active,5/5/2023,14905 S San Pedro St ,Gardena,CA,90248,Los Angeles,14905 S San Pedro St ,Gardena,CA,90248,(562) 254-4020,Devin Kincaid,DKincaid@republicservices.com
116083,"EcoSpot Recycling, Inc.",,Collector/Recycler,Active,2/10/2015,13800 Van Ness Ave ,Gardena,CA,90249,Los Angeles,13800 Van Ness Ave ,Gardena,CA,90249,(310) 971-9465,Michael Cohen,mcohen@ecospotrecycling.com
113406,"Pacific Coast Recycling, Inc.",,Collector,Active,9/2/2021,5895 Obata Way ,Gilroy,CA,95020,Santa Clara,5895 Obata Way ,Gilroy,CA,95020,(408) 848-6811,Roy Whitmore,roy.w@pacificcoastrecycling.com
112768,"Safe Way Recycling & Recovery, Inc.",,Collector,Active,12/6/2019,21516 Main Street Ste B,Grand Terrace,CA,92313,San Bernardino,21516 Main Street Ste B,Grand Terrace,CA,92313,(951) 742-5719,Jose S Murguia,tuchosa@yahoo.com
102254,"Strawflower Electronics, Inc.",,Collector,Active,2/5/2010,160 San Mateo Rd Ste B,Half Moon Bay,CA,94019,San Mateo,160 San Mateo Rd Ste B,Half Moon Bay,CA,94019,(650) 726-8181,Travis Tyson,strawflower1_electronics@outlook.com
103745,Kings Waste & Recycling Authority,,Collector,Active,1/18/2006,7803 Hanford Armona Rd ,Hanford,CA,93230,Kings,P.O. Box 1027 ,Hanford,CA,93232,(559) 583-8829,Parveen Sandhu,psandhu@kwrarecycles.net
108114,George Chambers,,Collector,Active,8/14/2008,65600 Hockaday Rd ,Happy Camp,CA,96039,Siskiyou,P.O. Box 789 ,Happy Camp,CA,96039,(530) 493-5388,George M. Chambers,hcchamb@sisqtel.net
100365,e Recycling of California (Hayward),,Collector/Recycler,Active,2/28/2018,31702 Hayman St ,Hayward,CA,94544,Alameda,P.O. Box 2746 ,Santa Fe Springs,CA,90670,(800) 795-0993,Lesli Mejia,lmejia@erecyclingofca.com
116196,"Omega JV, Inc.",,Collector,Active,5/3/2019,3449 Enterprise Ave ,Hayward,CA,94545,Alameda,3449 Enterprise Ave ,Hayward,CA,94545,(510) 582-1960,Julio Venegas Rosas,omegarecycle@yahoo.com
115226,Partners and Advocates for Remarkable Children and Adults (PARCA),,Collector,Active,9/5/2023,2200 Commerce Place ,Hayward,CA,94545,Alameda,2200 Commerce Place ,Hayward,CA,94545,(650) 312-0725,Joel Bouza,joelb@parca.org
116451,Helendale Community Services District,,Collector,Active,4/14/2016,26540 Vista Rd Ste A,Helendale,CA,92342,San Bernardino,P.O. Box 359 ,Helendale,CA,92342,(760) 951-0006,Cheryl Vermette,cvermette@helendalecsd.org
111346,Advance Disposal Co.,"(a DBA of Best Way Disposal Co., Inc.)",Collector,Active,8/1/2011,17105 Mesa St ,Hesperia,CA,92345,San Bernardino,P.O. Box 400725 ,Hesperia,CA,92345,(760) 244-9773,Luisa Quintero,luisaq@advancedisposal.com
113543,Neill's Recycling,,Collector,Active,8/29/2012,31816 Hwy 74 ,Homeland,CA,92548,Riverside,24480 Macfie Rd ,Homeland,CA,92548,(951) 514-8656,Brent Neill,superbrentpower@gmail.com
127249,"Beachside Recycling, Inc.",,Collector,Active,1/8/2020,8601 Edison Drive Unit B,Huntington Beach,CA,92646,Orange,8601 Edison Drive Unit B,Huntington Beach,CA,92646,(714) 969-7638,Alejandra Garcia,alejandra@beachsiderecycling.com
114349,Desert Arc Shredding & Recycling,(a DBA of DesertArc),Collector,Active,6/14/2012,45875 Commerce St ,Indio,CA,92201,Riverside,45875 Commerce St ,Indio,CA,92201,(760) 404-1370,Angelique Ontiveros,aontiveros@desertarc.org
101151,Sunset Environmental,"(a DBA of Waste Management Collection and Recycling, Inc.)",Collector,Active,1/3/2014,16122 Construction Cir W ,Irvine,CA,92606,Orange,16122 Construction Cir E ,Irvine,CA,92606-4403,(949) 552-0446,Mario Zavala,mzavala@wm.com
104119,Waste Management of Orange County (Irvine),"(a DBA of USA Waste of California, Inc.)",Collector,Active,3/22/2006,16122 Construction Cir E ,Irvine,CA,92606,Orange,16122 Construction Cir E ,Irvine,CA,92606,(714) 558-7761,Ricardo Madrid,rmadrid@wm.com
101617,"Veolia ES Technical Solutions, L.L.C.",,Collector,Active,2/1/2005,1704 W 1st St ,Irwindale,CA,91702,Los Angeles,107 S Motor Ave ,Azusa,CA,91702,(626) 334-5117,Joshua Sytsma,joshua.sytsma@veolia.com
104006,E-Waste Recycling,"(a DBA of George Bonner Lancaster, Jr. and Richard Albert Barbezat)",Collector,Active,2/16/2006,15449 W A St ,Kerman,CA,93630,Fresno,14652 Sontag Rd ,Grass Valley,CA,95945,(408) 744-2843,"George B. Lancaster, Jr.",sunnymaxsyst@yahoo.com
103062,Mid-Valley Disposal,,Collector,Active,7/25/2005,15300 W Jensen Ave ,Kerman,CA,93630,Fresno,P.O. Box 12385 ,Fresno,CA,93777,(559) 237-9425,Nikole Ekizian,nikolee@midvalleydisposal.com
116804,"GreenTree Electronics Recycling, Inc.",,Collector,Active,2/18/2022,28052 Camino Capistrano #107,Laguna Niguel,CA,92677,Orange,28052 Camino Capistrano #107,Laguna Niguel,CA,92677,(800) 405-6308,Hamid Gholam,hamid@greentreerecycling.org
115647,So Cal E-Waste,(a DBA of David Humberto Orozco),Collector,Active,3/27/2014,570 Central Ave Suite J-3,Lake Elsinore,CA,92530,Riverside,570 Central Ave Suite J-3,Lake Elsinore,CA,92530,(951) 291-9962,David Humberto Orozco,david@socale-waste.com
127175,Green Leaf Recycling,(a DBA of Ahmad Houshangi),Collector,Active,8/7/2019,26244 Enterprise Ct ,Lake Forest,CA,92630,Orange,26244 Enterprise Ct ,Lake Forest,CA,92630,(949) 470-2700,Ahmad Houshangi,info@greenleafrecycling.net
107966,"Lake County Waste Solutions, Inc.",,Collector,Active,2/15/2008,230 Soda Bay Rd ,Lakeport,CA,95453,Lake,P.O. Box 60 ,Ukiah,CA,95482,(707) 234-6400,Kristine Gonzalez,kristine.gonzalez@wasteconnections.com
116653,"Pacific Auto Recycling Center, Inc.",,Collector,Active,2/16/2017,225 W Avenue H ,Lancaster,CA,93534,Los Angeles,225 W Avenue H ,Lancaster,CA,93534,(661) 949-0048,Jahaziel Soto,qc@weareparc.com
127935,Sancroft Community Housing Inc,,Collector,Active,6/27/2025,200 W Pondera St ,Lancaster,CA,93534,Los Angeles,200 W Pondera St ,Lancaster,CA,93534,(661) 443-9361,Kerry Warren,nonprofit-info@sancroftcommunity.com
102994,"Waste Management of California, Inc. (Lancaster)",,Collector,Active,7/29/2005,600 E Ave F ,Lancaster,CA,93535,Los Angeles,600 E Ave F ,Lancaster,CA,93535,(661) 726-3468,Tracy Freeman,tfreema7@wm.com
127555,"FCC Environmental Services California, LLC",,Collector,Active,7/29/2022,3195 Athens Ave ,Lincoln,CA,95648,Placer,3033 Fiddyment Rd ,Roseville,CA,95747,(916) 234-5307,Sheena Hilliard,sheena.hilliard@fccenvironmental.com
112289,"Livermore Sanitation, Inc.",,Collector,Active,2/18/2011,7000 National Dr ,Livermore,CA,94550,Alameda,7000 National Dr ,Livermore,CA,94550,(925) 449-7300,Humberto  Hernandez,Humberto.Hernandez@wasteconnections.com
101468,City of Lompoc,,Collector,Active,1/24/2005,700 Avalon St ,Lompoc,CA,93436,Santa Barbara,100 Civic Center Plz ,Lompoc,CA,93436,(805) 875-8024,Steve Clark,s_clark@ci.lompoc.ca.us
105406,Conservation Corps of Long Beach,,Collector,Active,3/4/2016,340 Nieto Ave ,Long Beach,CA,90814,Los Angeles,340 Nieto Ave ,Long Beach,CA,90814,(562) 986-1249,Irene Lopez-Muro,ilopezmuro@cclb-corps.org
103016,"Corridor Recycling, Inc.",,Collector,Active,7/6/2005,22500 S Alameda St ,Long Beach,CA,90810,Los Angeles,22500 S Alameda St ,Long Beach,CA,90810,(310) 835-9109,Gilbert Dodson,gdodson@corridorrecycling.com
100547,"Goodwill, Serving the People of Southern Los Angeles County",,Collector,Active,1/5/2005,800 W Pacific Coast Hwy ,Long Beach,CA,90806-5243,Los Angeles,800 W Pacific Coast Hwy ,Long Beach,CA,90806-5243,(562) 435-3411,Colleen Khuon,ckhuon@goodwillsolac.org
103621,Republic Services (Long Beach),"(a DBA of Consolidated Disposal Service, L.L.C.)",Collector,Active,5/16/2025,2531 E 67th St ,Long Beach,CA,90805,Los Angeles,2531 E 67th St ,Long Beach,CA,90805,(800) 299-4898,Aaron Schoonover,aschoonover@republicservices.com
109651,Salvation Army Adult Rehabilitation Center (Long Beach),,Collector,Active,7/20/2012,1370 Alamitos Ave ,Long Beach,CA,90813,Los Angeles,1370 Alamitos Ave ,Long Beach,CA,90813,(800) 728-7825,Fernando Mosqueda,fernando.mosqueda@usw.salvationarmy.org
116564,Secure E-Waste Destruction,"(a DBA of Mate Enterprises, Inc.)",Collector/Recycler,Active,7/15/2016,1438 West 15th Street ,Long Beach,CA,90813,Los Angeles,1438 West 15th Street ,Long Beach,CA,90813,(626) 600-2705,Zsolt Mate,1MateEnterprises@Gmail.com
127846,EZ eWaste Recycling,(a DBA of HZMA-G Enterprise Corporation),Collector,Active,6/21/2024,3709 Medford St #301,Los Angeles,CA,90063,Los Angeles,3709 Medford St #301,Los Angeles,CA,90063,(310) 697-9914,Arman Galstyan,support@ezewasterecycle.com
100571,Goodwill Industries of Southern California,,Collector,Active,1/1/2005,3150 N San Fernando Rd ,Los Angeles,CA,90065,Los Angeles,342 N San Fernando Rd ,Los Angeles,CA,90031,(323) 539-2196,Steve Barr,sbarr@goodwillsocal.org
127531,Greenly Electronics Recycling,(a DBA of Bridge the Digital Divide),Collector,Active,5/20/2022,2420 W 3rd St ,Los Angeles,CA,90057,Los Angeles,3183 Wilshire Blvd Ste 196Y,Los Angeles,CA,90010,(213) 600-1000,Allie Rehm,allie@bridgela.org
127528,LA Electronic Solution,,Collector,Active,5/20/2022,741 Stanford Ave ,Los Angeles,CA,90021,Los Angeles,1345 N Kingsley Dr Apt 306,Los Angeles,CA,90027,(323) 970-7120,Arevik Adamyan,rapidewaste@gmail.com
104644,Los Angeles Conservation Corps,,Collector,Active,12/18/2014,1400 N Spring St ,Los Angeles,CA,90012,Los Angeles,P.O. Box 861658 ,Los Angeles,CA,90086,(213) 362-9000,Wendy Butts,wbutts@lacorps.org
127629,Marble luxe clean up,(a DBA of Shanda Shepherd),Collector,Active,3/30/2023,1880 Alsace Ave ,Los Angeles,CA,90019,Los Angeles,5948 2nd Ave ,Los Angeles,CA,90043,(310) 623-2064,Shanda Shepherd,marbleluexcleanup@gmail.com
113202,Pick & Earn Recycling,(a DBA of Gideon Chukwudike Okorie),Collector,Active,10/21/2019,9467 S Normandie Ave ,Los Angeles,CA,90044,Los Angeles,9467 S Normandie Ave ,Los Angeles,CA,90044,(323) 674-5451,Gideon Chukwudike Okorie,gideonokor@yahoo.com
127427,The Real Ewaste Guys,(a DBA of Bestrain Johnson),Collector,Active,8/25/2021,2615 W Vernon Ave ,Los Angeles,CA,90008,Los Angeles,2611 1/2 W Vernon Ave ,Los Angeles,CA,90008,(323) 380-4964,Bestrain Johnson,pravon@yahoo.com
105587,Sierra County Loyalton Transfer Station,,Collector,Active,12/18/2006,1 Garbage Pit Road ,Loyalton,CA,96118,Sierra,Sierra County DPW P.O. Box 98,Downieville,CA,95936,(530) 289-3201,Billy Epps,bepps@sierracounty.ca.gov
100707,Mariposa County Solid Waste and Recycling,,Collector,Active,1/1/2005,5593 State Highway 49 N ,Mariposa,CA,95338,Mariposa,4639 Ben Hur Rd ,Mariposa,CA,95338,(209) 966-5165,Demetrice Crump,dcrump@mariposacounty.org
111621,AT&JM Hauling Inc.,,Collector,Active,4/18/2024,5500 Imhoff Dr ,Martinez,CA,94553,Contra Costa,21C Orinda Way #181,Orinda,CA,94563,(888) 907-4285,Andreas Triplis,andreas@ajhauling.com
103073,Recology Yuba-Sutter,,Collector,Active,8/17/2005,3001 N Levee Rd ,Marysville,CA,95901,Yuba,3001 N Levee Rd ,Marysville,CA,95901,(530) 743-6933,Kayli Bolek,kbolek@recology.com
100194,"CEAR, LLC",,Collector/Recycler,Active,10/31/2012,3678 Lemay St ,Mather,CA,95655,Sacramento,3678 Lemay St ,Mather,CA,95655,(916) 388-1777,Jane Bei,jybei@cearinc.com
108375,Humboldt Sanitation Co.,,Collector,Active,4/23/2008,2585 Central Ave ,McKinleyville,CA,95519-3617,Humboldt,P.O. Box 2812 ,McKinleyville,CA,95519,(707) 839-3285,Tasha Eisner,teisner@humboldtsanitation.com
109503,Green EWaste Recycling Center,"(a DBA of Electronics Recycling Service, Inc.)",Collector,Active,3/29/2018,1664 Watson Ct ,Milpitas,CA,95035,Santa Clara,1664 Watson Ct ,Milpitas,CA,95035,(408) 898-8640,Amy Lin Wang,amyl@gerecycle.com
127062,"AERC Recycling Solutions, a Clean Earth Company",(a DBA of AERC Acquisition Corporation),Collector,Active,12/14/2018,1733 Morgan Rd Ste 250,Modesto,CA,95358,Stanislaus,1733 Morgan Rd Ste 250,Modesto,CA,95358,(510) 429-1129,Chendy Chea,cchea@cleanearthinc.com
100491,"Gilton Resource Recovery / Transfer Facility, Inc.",,Collector,Active,1/1/2005,800 South McClure Road ,Modesto,CA,95357,Stanislaus,755 S Yosemite Ave ,Oakdale,CA,95361-4039,(209) 527-3781,Hilario Vieyra,hilariov@gilton.com
106282,K & K Electronics,(a DBA of Kenny Blacksmith),Collector,Active,3/30/2007,623 Bitritto Ct Suite D,Modesto,CA,95356,Stanislaus,3266 Botfuher Rd ,Valley Springs,CA,95252,(209) 551-0500,Kenny Blacksmith,kenblacksmith@live.com
105623,S & D Recycling,(a DBA of Son Minh Ta),Collector,Active,4/5/2007,1149 Kansas Ave ,Modesto,CA,95351,Stanislaus,1149 Kansas Ave ,Modesto,CA,95351,(209) 572-0942,Vy Thao Nguyen,vy.dunn@gmail.com
103791,Stanislaus County Department of Environmental Resources,,Collector,Active,12/2/2005,1710 Morgan Rd ,Modesto,CA,95358,Stanislaus,3800 Cornucopia Way Suite C,Modesto,CA,95358,(209) 525-6700,Alvin Lal,alal@envres.org
127302,United Recycling,(a DBA of AgriWest),Collector,Active,7/31/2020,1503 Lone Palm Ave ,Modesto,CA,95351,Stanislaus,P.O. Box 188 ,Escalon,CA,95320,(209) 707-5063,Aaron Heinrich,unitedrecycling@icloud.com
106269,"Greenway Solid Waste & Recycling, Inc.",,Collector,Active,5/11/2007,10660 Silicon Ave Unit H,Montclair,CA,91763,San Bernardino,P.O. Box 1453 ,Claremont,CA,91711,(909) 518-7943,Charles J Elias,greenwayrecycling@gmail.com
127796,Reboot Tech LLC,,Collector,Active,4/9/2025,9051 Del Mar Ave ,Montclair,CA,91763,San Bernardino,9051 Del Mar Ave ,Montclair,CA,91763,(626) 608-5354,Penny Lee,penny@reboottechrecycling.com
116133,"NASA Services, Inc.",,Collector,Active,3/26/2015,1100 S Maple Ave ,Montebello,CA,90640,Los Angeles,1100 S Maple Ave ,Montebello,CA,90640,(888) 888-0388,Judi Gregory,judi@nasaservices.com
115077,"Monterey City Disposal Service, Inc.",,Collector,Active,4/18/2013,10 Ryan Ranch Rd ,Monterey,CA,93940,Monterey,P.O. Box 2780 ,Monterey,CA,93942,(831) 372-7977,Mary Ann Fosha,maryann@montereydisposal.com
101628,"Waste Management Collection and Recycling, Inc. (Moreno Valley)",,Collector,Active,1/7/2005,17700 Indian St ,Moreno Valley,CA,92551,Riverside,17700 Indian St ,Moreno Valley,CA,92551,(951) 601-6691,Rafael Rosales,rrosale3@wm.com
116169,Digital Green Global,,Collector,Active,9/23/2016,875 Jarvis Dr ,Morgan Hill,CA,95037,Santa Clara,875 Jarvis Dr ,Morgan Hill,CA,95037,(408) 320-1560,Bruce Serpa,bruce.serpa@dgglobal.net
116867,Leghorn Hauling,(a DBA of Scott Molinari-Schulz),Collector,Active,9/15/2017,1948 Leghorn St ,Mountain View,CA,94043,Santa Clara,1948 Leghorn St ,Mountain View,CA,94043,(650) 716-7531,Scott Molinari-Schulz,ssjbdiscovery@gmail.com
116816,Tempus,(a DBA of FC Management Services),Collector/Recycler,Active,8/8/2017,2001 Anchor Ct Ste B,Newbury Park,CA,91320,Ventura,2001 Anchor Ct Ste B,Newbury Park,CA,91320,(805) 499-0050,Fulton Connor,fulton@4tempus.com
116071,E-WasteUS,"(a DBA of Manukyan Enterprises, Inc.)",Collector,Active,2/3/2015,7341 Fulton Ave Unit 15,North Hollywood,CA,91605,Los Angeles,7341 Fulton Ave Unit 15,North Hollywood,CA,91605,(818) 465-5381,Armen Manukyan,am@ewasteus.com
102128,"California Recycles, Inc.",,Collector,Active,2/24/2005,18351 Eddy St Ste B,Northridge,CA,91325,Los Angeles,18351 Eddy St Ste B,Northridge,CA,91325,(818) 886-0800,Isaac Saghian,isaac@californiarecycles.com
105496,Conservation Corps North Bay,,Collector,Active,7/30/2015,11 Pimentel Ct ,Novato,CA,94949,Marin,11 Pimentel Ct ,Novato,CA,94949,(415) 454-4554,Kyle LaRue,klarue@ccnorthbay.org
113601,"The Salvation Army, Adult Rehabilitation Center (Oakland)",,Collector,Active,5/24/2012,601 Webster St ,Oakland,CA,94607,Alameda,601 Webster St ,Oakland,CA,94607,(510) 451-4514,Blanca Velazquez,blanca.velazquez@usw.salvationarmy.org
127353,"Electronic Circulation Center, Inc.",,Collector,Active,3/30/2023,2660 Vista Pacific Dr ,Oceanside,CA,92056,San Diego,2660 Vista Pacific Dr ,Oceanside,CA,92056,(760) 724-3046,Austen Harke,austen@eccrecycle.com
101127,Waste Management of North County,"(a DBA of Waste Management of California, Inc.)",Collector,Active,1/1/2005,2880 Industry St ,Oceanside,CA,92054,San Diego,2141 Oceanside Blvd ,Oceanside,CA,92054,(760) 439-2824,Ruben Vasquez,rvasque4@wm.com
127582,Cal Micro Recycling,"(a DBA of Full Circle Electronics CA, LLC)",Collector/Recycler,Active,1/13/2023,1541 Brooks St ,Ontario,CA,91762,San Bernardino,1541 Brooks St ,Ontario,CA,91762,(909) 467-4800,Jesson Panopio,jesson@calmicros.com
101082,Waste Management of Orange,"(a DBA of USA Waste of California, Inc.)",Collector,Active,1/1/2005,2050 N Glassell St ,Orange,CA,92865,Orange,2050 N Glassell St ,Orange,CA,92865,(714) 685-6493,Claudia Equihua,cequihua@wm.com
101162,Waste Tire Products,"(a DBA of Tasto, Incorporated)",Collector/Recycler,Active,1/7/2005,3820 Highway 99W ,Orland,CA,95963,Glenn,P.O. Box 4563 ,Orland,CA,95963,(530) 865-4588,George Valentin,vleft20@aol.com
100343,City of Oxnard - Environmental Resources Division,,Collector,Active,1/24/2005,111 S Del Norte Blvd ,Oxnard,CA,93030,Ventura,111 S Del Norte Blvd ,Oxnard,CA,93030,(805) 385-8060,Robert Serrato,roberto.serrato@oxnard.org
101812,Goodwill Industries of Ventura and Santa Barbara Counties,,Collector,Active,7/30/2015,1401 N. Rice Ave ,Oxnard,CA,93030,Ventura,1401 N. Rice Ave ,Oxnard,CA,93030,(805) 981-0130,Miguel Valencia,mvalencia@goodwillvsb.org
113383,Republic Services of Contra Costa County,"(a DBA of Allied Waste Systems, Inc.)",Collector,Active,9/1/2011,441 N Buchanan Cir ,Pacheco,CA,94553,Contra Costa,441 N Buchanan Cir ,Pacheco,CA,94553,(925) 685-4711,Kimberly Lam,klam2@republicservices.com
127579,"Pasadena Tech Recycle, Inc.",,Collector,Active,5/16/2024,10487 San Fernando Rd ,Pacoima,CA,91331,Los Angeles,10487 San Fernando Rd ,Pacoima,CA,91331,(818) 818-2005,Alex Kamran,alex@pasadenatechrecycle.com
104848,"Angel View, Inc.",,Collector,Active,6/14/2006,37023 Cook St ,Palm Desert,CA,92211,Riverside,P.O. Box 580021 ,North Palm Springs,CA,92258-0021,(760) 322-2440,Kirsten Johansen,kjohansen@angelview.org
101743,"Burrtec Waste & Recycling Services, LLC (Palm Desert)",,Collector,Active,2/8/2005,41800 Corporate Way ,Palm Desert,CA,92260,Riverside,41575 Eclectic St ,Palm Desert,CA,92260,(760) 340-2113,"Frank Orlett, Jr.",jrforlett@burrtecdesert.com
100068,"Antelope Valley Recycling and Disposal Facility, Inc.",,Collector,Active,7/29/2005,1200 W City Ranch Rd ,Palmdale,CA,93551,Los Angeles,1200 W City Ranch Rd ,Palmdale,CA,93551,(661) 947-7197,Tracy Freeman,tfreema7@wm.com
100161,Butte County,,Collector,Active,1/1/2005,1023 Neal Rd ,Paradise,CA,95969,Butte,7 County Center Dr ,Oroville,CA,95965,(530) 522-5705,Valerie Meza,vmeza@buttecounty.net
127276,Sunada Recycling,(a DBA of Macsun LLC),Collector,Active,4/21/2020,14126 Orange Ave ,Paramount,CA,90723,Los Angeles,14126 Orange Ave ,Paramount,CA,90723,(310) 627-9285,Yoshifumi Sunada,sunadarecycling@gmail.com
114305,Salvation Army Adult Rehabilitation Center (Pasadena),,Collector,Active,4/5/2013,56 West Del Mar Blvd ,Pasadena,CA,91105,Los Angeles,56 West Del Mar Blvd ,Pasadena,CA,91105,(626) 817-7730,Mark Yoshida,Mark.D.Yoshida@usw.salvationarmy.org
127721,"Universal E-Waste Collectors, LLC",,Collector,Active,9/29/2023,2387 E. Washington Blvd. ,Pasadena,CA,91104,Los Angeles,2387 E. Washington Blvd. ,Pasadena,CA,91104,(818) 319-0777,Ghevont Berberian,leontheprofessional24@gmail.com
127974,North SLO County Recycling and Transfer Station,"(a DBA of USA Waste of California, Inc. (Paso Robles))",Collector,Active,10/17/2025,3360 La Cruz Way ,Paso Robles,CA,93446,San Luis Obispo,3360 La Cruz Way ,Paso Robles,CA,93446,(805) 434-9112,Randy Mills,rmills5@wm.com
111266,CR&R Incorporated,,Collector,Active,1/14/2010,1706 Goetz Rd ,Perris,CA,92570,Riverside,P.O. Box 1208 ,Perris,CA,92572,(800) 755-8112,Nate Woods,natew@crrmail.com
116932,"My Ewaste Dropoff, LLC",,Collector/Recycler,Active,2/5/2018,21398 Harvill Ave ,Perris,CA,92570,Riverside,21398 Harvill Ave ,Perris,CA,92570,(951) 315-2126,Jason Mendez,jason@myewastedropoff.com
114338,Salvation Army Adult Rehabilitation Center (Riverside),,Collector,Active,1/20/2017,24201 Orange Ave ,Perris,CA,92570,Riverside,P.O. Box 1825 ,Perris,CA,92570,(951) 940-5790,Douglas Raulston,douglas.raulston@usw.salvationarmy.org
127819,El Dorado Disposal,"(a DBA of Waste Connections of California, Inc.)",Collector,Active,4/26/2024,4100 Throwita Way ,Placerville,CA,95667,El Dorado,4100 Throwita Way ,Placerville,CA,95667,(530) 626-4141,Cadie Bandy,cadieb@wasteconnections.com
101572,"Recycling and Resource Recovery Systems, LLC",,Collector,Active,2/6/2015,3110 Busch Rd ,Pleasanton,CA,94566,Alameda,P.O. Box 399 ,Pleasanton,CA,94566,(925) 846-4062,Maria Salinas,marias@pleasantongarbageservice.com
127706,"Mrs. Nelson's Book Company, LLC",,Collector,Active,9/8/2023,1650 W. Orange Grove Ave ,Pomona,CA,91768,Los Angeles,1650 W. Orange Grove Ave ,Pomona,CA,91768,(909) 397-7820,Gary Chatmajian,gchatmajian@mrsnelsons.com
100833,"PSC Environmental Services of Pomona, LP",,Collector,Active,1/1/2005,2490 Pomona Blvd ,Pomona,CA,91768,Los Angeles,2490 Pomona Blvd ,Pomona,CA,91768,(909) 598-4449,Victor Martinez,vmmartinez@cleanearthinc.com
104154,"Hazmat TSDF, Inc.",,Collector,Active,3/20/2006,180 W. Monte Ave ,Rialto,CA,92316,San Bernardino,P.O. Box 449 ,Colton,CA,92324,(909) 873-4141,Wade Riddering,wriddering@usahazmat.com
127225,"Ecycle Pros, Inc.",,Collector,Active,1/3/2020,984 Dexter Way ,Ripon,CA,95366,San Joaquin,984 Dexter Way ,Ripon,CA,95366,(209) 924-4385,Nathaniel Doffing,nd@ecycleprosinc.com
103211,"Agua Mansa MRF, LLC",,Collector,Active,9/28/2005,1830 Agua Mansa Rd ,Riverside,CA,92509,Riverside,1830 Agua Mansa Rd ,Riverside,CA,92509,(951) 786-0544,Nick Burciaga,nburciaga@burrtec.com
115124,Electronics Recycling Angel,"(a DBA of A&G Electronics, Inc.)",Collector,Active,5/16/2013,12155 Magnolia Ave Suite 4H,Riverside,CA,92503,Riverside,12155 Magnolia Ave Suite 4H,Riverside,CA,92503,(951) 729-5928,Gabriela Atwater,info@angelectronics.org
113394,"Kay-Met Recycling, LLC",,Collector,Active,8/11/2011,19014 San Jose Ave ,Rowland Heights,CA,91748,Los Angeles,19014 San Jose Ave ,Rowland Heights,CA,91748,(626) 913-9964,Neil Kay,neil@kay-met.com
116424,E-Waste Gurus,,Collector,Active,2/26/2016,201 Harris Ave #10,Sacramento,CA,95838,Sacramento,201 Harris Ave #10,Sacramento,CA,95838,(916) 258-5835,Sergey Marchuk,recycle@ewastegurus.com
112187,Florin Perkins Public Disposal Site,"(a DBA of Zanker Road Resource Management, LLC)",Collector,Active,7/26/2010,4201 Florin Perkins Rd ,Sacramento,CA,95826,Sacramento,4201 Florin Perkins Rd ,Sacramento,CA,95826,(916) 443-5120,Abel Pereira,abel.pereira@greenwaste.com
104702,Goodwill Industries of Sacramento Valley and Northern Nevada,,Collector,Active,7/30/2015,6648 Franklin Blvd ,Sacramento,CA,95823-1005,Sacramento,8001 Folsom Blvd ,Sacramento,CA,95826,(916) 395-9000,Sabrina Bucher,sabrinab@goodwillsacto.org
127822,One World Recycling,(a DBA of One World Recycling LLC),Collector,Active,5/24/2024,1800 Diesel Dr Ste 30,Sacramento,CA,95838,Sacramento,1800 Diesel Dr Ste 30,Sacramento,CA,95838,(916) 927-2115,Robert Monroy,rob@oneworldrecycling.com
116549,"Professional Logistic Services, Inc.",,Collector,Active,7/14/2016,901 N B St ,Sacramento,CA,95811,Sacramento,901 N B St ,Sacramento,CA,95811,(916) 442-2107,Melissa Fernandez,melissaf@plsrecycling.com
112941,Sacramento Regional Conservation Corps,,Collector,Active,10/10/2013,6100 27th St ,Sacramento,CA,95822,Sacramento,6101 27th St ,Sacramento,CA,95822,(916) 386-8394,Kala Dean,kdean@saccorps.org
110265,"Burrtec Waste Industries, Inc. (Salton City)",,Collector,Active,4/10/2009,935 West Highway 86 ,Salton City,CA,92275,Imperial,9400 Cherry Ave Building C,Fontana,CA,92335,(909) 743-6319,Robin Harger,rharger@burrtec.com
127668,"A&H IT Renew, Inc.",,Collector,Active,5/25/2023,1359 N E St ,San Bernardino,CA,92405,San Bernardino,1359 N E St ,San Bernardino,CA,92405,(909) 332-7002,Andy Vu,admin@itrenew.co
114943,East Valley Recycling & Transfer,"(a DBA of Burrtec Waste Industries, Inc.)",Collector,Active,2/11/2013,1150 S Tippecanoe Ave ,San Bernardino,CA,92408,San Bernardino,1150 S Tippecanoe Ave ,San Bernardino,CA,92408,(909) 275-7117,Joaquin Flores,jflores@burrtec.com
112804,The Salvation Army Adult Rehabilitation Center (San Bernardino),,Collector,Active,6/10/2016,363 S Doolittle Rd ,San Bernardino,CA,92408,San Bernardino,363 S Doolittle Rd ,San Bernardino,CA,92408,(909) 889-9605,Robbin Garnett,robbin.garnett@usw.salvationarmy.org
116475,Urban Conservation Corps of the Inland Empire,,Collector,Active,4/19/2016,1355 W 26th St ,San Bernardino,CA,92405,San Bernardino,1355 W 26th St ,San Bernardino,CA,92405,(909) 890-0400,Wayne McILroy,wmcilroy@mountainsfoundation.org
127745,"South Bayside Industries, Inc.",,Collector,Active,11/22/2023,333 Shoreway Rd ,San Carlos,CA,94070,San Mateo,333 Shoreway Rd ,San Carlos,CA,94070,(650) 802-8355,Jennifer Chelone,jchelone@southbaysideindustries.com
103302,"City of San Diego, Environmental Services Department",,Collector,Active,8/19/2005,5180 Convoy St ,San Diego,CA,92111,San Diego,9601 Ridgehaven Ct Suite 310,San Diego,CA,92123,(858) 573-1415,George Katsikaris,GKatsikaris@sandiego.gov
127772,Dream E Waste,(a DBA of EVOKE ZERO INC),Collector,Active,2/23/2024,4009 Hicock St Ste D,San Diego,CA,92110,San Diego,4009 Hicock St Ste D,San Diego,CA,92110,(619) 889-1305,Jihad Hafidh,dreamewaste@gmail.com
127683,EnviroGreen Electronic Recycling,,Collector,Active,7/28/2023,8440 Production Ave ,San Diego,CA,92121,San Diego,8440 Production Ave ,San Diego,CA,92121,(858) 800-1271,Louise M Batchelor,louise@sandiegorecycles.com
100569,Goodwill Industries of San Diego County,,Collector,Active,1/1/2005,3663 Rosecrans St ,San Diego,CA,92110,San Diego,3663 Rosecrans St ,San Diego,CA,92110,(619) 225-2200,Scott Fyson,sfyson@sdgoodwill.org
127834,Raccoon Rubbish Removal LLC,Raccoon Rubbish Removal LLC,Collector,Active,5/31/2024,6259 Progressive Ave ,San Diego,CA,92154,San Diego,1722 Elm Ave ,San Diego,CA,92154,(619) 713-3146,Benjamin Herrera,bmh946@gmail.com
116118,SES / Secure E-Waste Solutions,,Collector/Recycler,Active,2/27/2015,8830 Rehco Rd Ste B,San Diego,CA,92121,San Diego,8810 Rehco Rd Ste C,San Diego,CA,92121,(858) 909-0802,Larry Kurschner,larry@sesrecycling.com
116487,Ssubi Foundation,,Collector,Active,10/29/2021,7955 Dunbrook Road Suite H,San Diego,CA,92126,San Diego,2307 Fenton Parkway #107135,San Diego,CA,92108,(858) 207-7047,Laura Luxemburg,ljluxemburg@gmail.com
127124,"Update Green, Inc.",,Collector,Active,4/16/2019,7887 Dunbrook Rd Suite C,San Diego,CA,92126,San Diego,7887 Dunbrook Rd Suite C,San Diego,CA,92126,(858) 437-9737,Amirali Ghods,info@updategreen.com
103552,Urban Corps of San Diego County,,Collector,Active,5/28/2015,3021 Moore St ,San Diego,CA,92110,San Diego,P.O. Box 80156 ,San Diego,CA,92138,(619) 235-6884,Yolanda Maeder,yolanda.maeder@urbancorps.org
115795,Heroes Deserve Help,,Collector,Active,11/6/2020,446 W Arrow Hwy Ste 24,San Dimas,CA,91773,Los Angeles,446 W Arrow Hwy Ste 24,San Dimas,CA,91773,(909) 999-8828,Nathaniel P. Miller,nmiller@heroesdeservehelp.org
102447,Recology San Francisco,,Collector,Active,4/4/2005,501 Tunnel Ave ,San Francisco,CA,94134,San Francisco,250 Executive Park Blvd Ste 2100,San Francisco,CA,94134,(415) 330-1400,Mike Sweeney,msweeney@recology.com
107682,The Salvation Army Adult Rehabilitation Center (San Francisco),,Collector,Active,7/20/2012,1500 Valencia St ,San Francisco,CA,94110-4406,San Francisco,1500 Valencia St ,San Francisco,CA,94110-4406,(415) 643-8000,Claudia Gonzalez,claudia.gonzalez.ortega@usw.salvationarmy.org
101958,Goodwill of Silicon Valley,,Collector,Active,8/14/2015,950 N 7th St ,San Jose,CA,95112,Santa Clara,1080 N 7th St ,San Jose,CA,95112,(408) 998-5774,Travis Diaz,travisd@goodwillsv.org
103277,"GreenWaste Recovery, LLC",,Collector,Active,9/9/2005,625 Charles St ,San Jose,CA,95112,Santa Clara,610 E. Gish Rd ,San Jose,CA,95112,(408) 283-4800,William Lineberry,william.lineberry@greenwaste.com
116689,Leo Recycle,"(a DBA of ATT Recycle, Inc.)",Collector,Active,8/16/2024,215 Leo Ave ,San Jose,CA,95112,Santa Clara,215 Leo Ave ,San Jose,CA,95112,(408) 780-5557,Nikki Ngo,bookkeeper@attrecycleinc.com
107363,Salvation Army ARC San Jose,,Collector,Active,5/3/2008,702 W Taylor St ,San Jose,CA,95126,Santa Clara,702 W Taylor St ,San Jose,CA,95126,(408) 298-7600,Maria Fanene,maria.fanene@usw.salvationarmy.org
103483,San Jose Conservation Corps,,Collector,Active,7/10/2015,1560 Berger Dr ,San Jose,CA,95112,Santa Clara,1560 Berger Dr ,San Jose,CA,95112,(408) 283-7171,Mary Le,mle@sjcccs.org
127959,Valley Recycling,"(a DBA of Environmental Resource Recovery, Inc.)",Collector,Active,9/19/2025,1611 S 7th St ,San Jose,CA,95112,Santa Clara,1611 S 7th St ,San Jose,CA,95112,(408) 297-5404,Eldrich Evaristo,eldriche@valleyservices.biz
101663,"Alameda County Industries, Inc.",,Collector,Active,1/24/2005,601 Aladdin Ave ,San Leandro,CA,94577,Alameda,610 Aladdin Ave ,San Leandro,CA,94577,(510) 357-7282,Sarah Trousdale,strousdale@alamedacountyindustries.com
101548,"EDCO Waste & Recycling Services, Inc.",,Collector,Active,2/1/2005,224 S Las Posas Rd ,San Marcos,CA,92078,San Diego,224 S Las Posas Rd ,San Marcos,CA,92078,(760) 744-2700,Robert Hill,rhill@edcodisposal.com
127439,Veterans Green Projects,,Collector,Active,10/29/2021,826 Rancheros Dr ,San Marcos,CA,92069,San Diego,826 Rancheros Dr ,San Marcos,CA,92069,(760) 798-0544,Bill Kraus,bill@veteransgreenprojects.org
115773,Veterans Green Projects Initiative Foundation,,Collector,Active,10/18/2024,826 Rancheros Dr ,San Marcos,CA,92069,San Diego,10890 Poblado Rd Apt 1221,San Diego,CA,92127,(760) 798-0544,Sergio Santoro,s.santoro@veteransgreenprojects.org
100888,"Renew Computers, Inc.",,Collector,Active,1/1/2005,446 Du Bois St ,San Rafael,CA,94901,Marin,446 Du Bois St ,San Rafael,CA,94901,(415) 457-8801,Michael Reynolds,michael@renewcomputers.com
116855,"Elian Electronics Recycling, Inc.",,Collector,Active,8/28/2023,1634 W 19th St ,Santa Ana,CA,92706,Orange,1634 W 19th St ,Santa Ana,CA,92706,(714) 494-3242,Saif Elian,saif@elianer-us.com
115523,"EZPC CA, LLC",,Collector,Active,1/3/2014,2516 W 5th St ,Santa Ana,CA,92703,Orange,2516 W 5th St ,Santa Ana,CA,92703,(714) 569-0322,Chris Chun,cssc20@ezpcrecycle.com
100558,"Goodwill Industries of Orange County, California",,Collector,Active,1/1/2005,410 N Fairview St ,Santa Ana,CA,92703,Orange,410 N Fairview St ,Santa Ana,CA,92703,(714) 547-6301,Christopher Sewitsky,chrissewitsky@ocgoodwill.org
116781,"ITEC, INC.",,Collector,Active,6/20/2019,2841 S Croddy Way ,Santa Ana,CA,92704,Orange,2841 S Croddy Way ,Santa Ana,CA,92704,(714) 206-7757,Cody Giglio,cgiglio@itec.net
112371,OC Recycling,"(a DBA of OC Recycling, Inc.)",Collector,Active,10/13/2010,1601 E Edinger Ave ,Santa Ana,CA,92705,Orange,1601 E Edinger Ave ,Santa Ana,CA,92705,(714) 973-2267,Lisa Bloom,lbloom@ocrecycling.com
116436,"SoCal Industrial Services, Inc.",,Collector,Active,9/15/2023,1725 E. Borchard Ave ,Santa Ana,CA,92705,Orange,1725 E. Borchard Ave ,Santa Ana,CA,92705,(657) 231-9820,Mel Soto,msoto@scindustrialservices.com
115306,"TechWaste Recycling, LLC",,Collector,Active,10/2/2013,1940 E Occidental St ,Santa Ana,CA,92705,Orange,1940 E Occidental St ,Santa Ana,CA,92705,(714) 813-5390,Isaac Villeneuve,isaac@techwasterecycling.com
100935,"County of Santa Barbara, Public Works Department, RRWM Division",,Collector,Active,1/1/2005,4430 Calle Real ,Santa Barbara,CA,93110,Santa Barbara,130 E Victoria St Ste 100,Santa Barbara,CA,93101,(805) 882-3600,Leslie Robinson,lrobins@countyofsb.org
103803,MarBorg Industries,,Collector,Active,12/20/2005,119 N Quarantina St ,Santa Barbara,CA,93103,Santa Barbara,P.O. Box 4127 ,Santa Barbara,CA,93140,(805) 963-1852,Martin Sanches Jr,Masanchesjr@marborg.com
110697,GreenWaste of Palo Alto,"(a DBA of GreenWaste of Palo Alto, LLC)",Collector,Active,7/9/2009,2755 Lafayette St ,Santa Clara,CA,95050,Santa Clara,610 E Gish Rd ,San Jose,CA,95112,(650) 493-4894,Eric Cissna,eric.cissna@greenwaste.com
101674,"Mission Trail Waste Systems, Inc.",,Collector,Active,3/22/2007,1313 Memorex Dr ,Santa Clara,CA,95050,Santa Clara,1060 Richard Ave ,Santa Clara,CA,95050,(408) 727-5365,Reggie Inciong,rinciong@missiontrail.com
101936,City of Santa Cruz,,Collector,Active,4/5/2005,605 Dimeo Ln ,Santa Cruz,CA,95060,Santa Cruz,605 Dimeo Ln ,Santa Cruz,CA,95060,(831) 420-6275,Guadalupe Sanchez,gsanchez@santacruzca.gov
102139,Grey Bears,,Collector,Active,8/3/2015,2710 Chanticleer Ave ,Santa Cruz,CA,95065,Santa Cruz,2710 Chanticleer Ave ,Santa Cruz,CA,95065,(831) 479-1055,Matthew Lyles,matthew@greybears.org
116843,"California Electronics Collection, LLC",,Collector,Active,9/5/2017,13610 Imperial Hwy Ste 7,Santa Fe Springs,CA,90670,Los Angeles,13610 Imperial Hwy Ste 7,Santa Fe Springs,CA,90670,(562) 219-5638,Edelitha Ordinario,edel_ordinario2000@yahoo.com
127784,E RECYCLING OF CALIFORNIA (Santa Fe Springs),,Collector/Recycler,Active,3/15/2024,8839 Pioneer Blvd ,Santa Fe Springs,CA,90670,Los Angeles,P.O. Box 2746 ,Santa Fe Springs,CA,90670,(800) 795-0993,Michael Dauphin,mdauphin@erecyclingofca.com
116335,EwasteCleanup,(a DBA of MK Electronics),Collector,Active,12/10/2015,13037 Lakeland Rd Ste F,Santa Fe Springs,CA,90670,Los Angeles,13037 Lakeland Rd Ste F,Santa Fe Springs,CA,90670,(323) 300-8243,Mykael K. Bautista,mykaelbautista@gmail.com
127237,"Hoi Tong International, Inc. (Florence Ave)",,Collector/Recycler,Active,9/8/2023,12234 Florence Ave Unit B,Santa Fe Springs,CA,90670,Los Angeles,13629 Talc St ,Santa Fe Springs,CA,90670,(626) 872-9293,Kenny Li,kennyli.ht@gmail.com
127923,"Hoi Tong International, Inc. (Talc St)",,Collector/Recycler,Active,6/6/2025,13629 Talc St ,Santa Fe Springs,CA,90670,Los Angeles,13629 Talc St ,Santa Fe Springs,CA,90670,(626) 872-9293,Kenny Li,kennyli.ht@gmail.com
106293,"Universal Waste Systems, Inc.",,Collector,Active,8/4/2011,9016 Norwalk Blvd ,Santa Fe Springs,CA,90670,Los Angeles,P.O. Box 3038 ,Whittier,CA,90605,(562) 941-4900,Carey Merrill,carey@uwscompany.com
105007,The Salvation Army (Santa Monica),,Collector,Active,11/17/2011,1665 10th St ,Santa Monica,CA,90404,Los Angeles,1665 10th St ,Santa Monica,CA,90404,(310) 450-7235,Wayne Paulson,wayne.paulson@usw.salvationarmy.org
127288,eWaste Sonoma: Computer & Electronics Recycling Center,(a DBA of eWaste LLC),Collector,Active,5/1/2020,3227 Santa Rosa Ave Unit A,Santa Rosa,CA,95407,Sonoma,3227 Santa Rosa Ave Unit A,Santa Rosa,CA,95407,(707) 755-0371,Stephen Bishop,stephen@ewastesonoma.com
102835,Goodwill Industries of the Redwood Empire,,Collector,Active,6/24/2005,651 Yolanda Ave ,Santa Rosa,CA,95404,Sonoma,651 Yolanda Ave ,Santa Rosa,CA,95404,(707) 523-0550,Robin Bartholow,rbartholow@gire.org
111313,Redwood Gospel Mission,,Collector,Active,8/19/2014,1821 Piner Rd ,Santa Rosa,CA,95403,Sonoma,P.O. Box 493 ,Santa Rosa,CA,95402,(707) 578-1830,Lucy D Woolums,lwoolums@rgm.org
127644,Nerd Recycling,(a DBA of Jose Delio Bacalski),Collector,Active,5/5/2023,10020 Prospect Ave #A14,Santee,CA,92071,San Diego,10020 Prospect Ave #A14,Santee,CA,92071,(858) 432-2600,Jose Delio Bacalski,dbacalski@gmail.com
101971,G.I. Industries,,Collector,Active,4/14/2005,195 W Los Angeles Ave ,Simi Valley,CA,93065,Ventura,195 W Los Angeles Ave ,Simi Valley,CA,93065,(805) 955-4305,Joanne Delgado,jdelgad8@wm.com
103005,Sonoma County Waste Management Agency,,Collector,Active,6/29/2005,4376 Stage Gulch Rd ,Sonoma,CA,95476,Sonoma,2300 County Center Dr Ste B-240,Santa Rosa,CA,95403,(707) 565-3577,Courtney Scott,courtney.scott@sonomacounty.gov
111095,Computer Recycling Team Inc.,,Collector,Active,7/7/2010,1750 Floradale Ave ,South El Monte,CA,91733,Los Angeles,1750 Floradale Ave ,South El Monte,CA,91733,(626) 552-3288,Co Phan,co@computerrecyclingteam.com
127858,DTG RECYCLE INC.,,Collector,Active,9/20/2024,2110 Tyler Ave ,South El Monte,CA,91733,Los Angeles,2110 Tyler Ave ,South El Monte,CA,91733,(626) 416-5200,Jayden Cao,jayden@dtgri.com
127769,E-Waste Solutions,(a DBA of OBLOM-CV LLC),Collector,Active,1/12/2024,5625 Firestone Blvd Unit E9,South Gate,CA,90280,Los Angeles,1620 Gundry Ave #A,Long Beach,CA,90813,(702) 927-8860,Lizeth Chong,oblomcv@gmail.com
101149,South Gate Transfer Station,"(a DBA of USA Waste of California, Inc.)",Collector,Active,4/4/2005,4489 Ardine St ,South Gate,CA,90280,Los Angeles,4489 Ardine St ,South Gate,CA,90280,(323) 560-8488,Manuel Escamilla,mescamil@wm.com
112894,"WM Curbside, LLC",,Collector,Active,4/18/2011,10633 Ruchti Road Unit 1,South Gate,CA,90280,Los Angeles,10633 Ruchti Road Unit 1,South Gate,CA,90280,(562) 427-7277,Ilda Rodriguez,irodrig7@wm.com
111778,South Tahoe Refuse & Recycling Service,(a DBA of SOUTH TAHOE REFUSE CO.),Collector,Active,5/3/2010,2140 Ruth Ave ,South Lake Tahoe,CA,96150,El Dorado,2140 Ruth Ave ,South Lake Tahoe,CA,96150,(530) 541-5105,Catherine Howells,chowells@southtahoerefuse.com
111643,"Blue Line Transfer, Inc.",,Collector,Active,5/3/2010,500 E Jamie Ct ,South San Francisco,CA,94080,San Mateo,500 E Jamie Ct ,South San Francisco,CA,94080,(650) 589-4020,Michael Formosa,mformosa@ssfscavenger.com
102312,Goodwill of the San Francisco Bay,,Collector,Active,3/24/2005,100 Utah Ave ,South San Francisco,CA,94080,San Mateo,750 Post St ,San Francisco,CA,94109,(415) 575-2100,Mona Stone,mona.stone@goodwillaz.org
103563,"Zarc International, LLC",,Collector,Active,11/7/2012,26 S Linden Ave ,South San Francisco,CA,94080,San Mateo,26 S Linden Ave ,South San Francisco,CA,94080,(415) 215-8059,Randy Ly,rly4444@gmail.com
100822,"Peninsula Sanitary Service, Inc.",,Collector,Active,1/1/2005,339 Bonair Siding Rd ,Stanford,CA,94305,Santa Clara,339 Bonair Siding Rd ,Stanford,CA,94305,(650) 321-4236,Andrew Pellegrini,andrew@pssirecycling.com
102824,"CR Transfer, Inc.",,Collector,Active,3/27/2008,11232 Knott Ave ,Stanton,CA,90680,Orange,11292 Western Ave ,Stanton,CA,90680,(714) 890-6300,Joe Zavala,jzavala@crrmail.com
101878,"Goodwill Industries of San Joaquin Valley, Inc.",,Collector,Active,2/7/2005,4533 Alitalia Way ,Stockton,CA,95206,San Joaquin,4533 Alitalia Way ,Stockton,CA,95206,(209) 466-2311,Denise Ost,deniseo@goodwill-sjv.org
116347,Greater Valley Conservation Corps,(a DBA of San Joaquin County Office of Education),Collector,Active,12/10/2015,2040 E Fremont St ,Stockton,CA,95205,San Joaquin,P.O. Box 213030 ,Stockton,CA,95213,(209) 292-2700,Rory Storrs,rstorrs@sjcoe.net
110799,"Onsite Electronics Recycling, LLC",,Collector/Recycler,Active,1/27/2010,2331 Teepee Dr ,Stockton,CA,95205,San Joaquin,"1281 E Magnolia Unit D, Box 141",Fort Collins,CO,80524,(209) 234-7994,Janice Oldemeyer,joldemeyer@myoer.com
105199,The Salvation Army Adult Rehabilitation Center (Stockton),,Collector,Active,1/20/2012,1247 S Wilson Way ,Stockton,CA,95205,San Joaquin,1247 S Wilson Way ,Stockton,CA,95205,(209) 466-3871,Thomas Deichman,thomas.deichman@usw.salvationarmy.org
106178,"Tri Valley Recycling, Inc.",,Collector,Active,7/16/2009,1988 E Alpine Ave ,Stockton,CA,95205,San Joaquin,1988 E Alpine Ave ,Stockton,CA,95205,(209) 463-7600,Dennis Lenard,dennis@trivalleyrecycling.com
101583,"City of Los Angeles, LA Sanitation & Environment, SRCRD",,Collector,Active,2/4/2005,11025 Randall St ,Sun Valley,CA,91352,Los Angeles,"1149 S Broadway 5th Floor, MS 944",Los Angeles,CA,90015,(213) 485-2260,Clifford Chang,clifford.chang@lacity.org
127911,Republic Services (Sun Valley),"(a DBA of Consolidated Disposal Service, L.L.C.)",Collector,Active,5/30/2025,9200 Glenoaks Blvd ,Sun Valley,CA,91352,Los Angeles,9200 Glenoaks Blvd ,Sun Valley,CA,91352,(800) 299-4898,James Calix,jcalix@republicservices.com
107261,"Bay Counties Waste Services, Inc.",,Collector,Active,10/15/2007,301 Carl Rd ,Sunnyvale,CA,94089,Santa Clara,301 Carl Rd ,Sunnyvale,CA,94089,(408) 752-8530,Maira Simone,maira@baycountiessmart.com
110059,Electronic Recycling Center,,Collector,Active,4/12/2021,27460 Aqua Vista Way Unit A,Temecula,CA,92590,Riverside,27460 Aqua Vista Way Unit A,Temecula,CA,92590,(951) 546-6918,Hilda Matta,hilda@electronicrecyclingcenter.net
127861,JMV E-Waste Consulting and Recycling Inc.,,Collector/Recycler,Active,11/15/2024,27620 Commerce Center Dr Ste 114,Temecula,CA,92590,Riverside,2 Corte Rivera ,Lake Elsinore,CA,92532,(619) 773-3841,Juan Marquez Vega,jumav1028@gmail.com
104609,"Placer County Eastern Regional Sanitary Landfill, Inc.",,Collector,Active,9/4/2020,900 Cabin Creek Rd ,Truckee,CA,96161,Placer,"645 W Lake Blvd #5, B135",Tahoe City,CA,96145,(530) 583-7800,Selene De La Rosa,sdelarosa@waste101.com
127962,Ike's Appliance & Associates,(a DBA of Maria Carmen Nava & Ulises F Lopez),Collector,Active,9/26/2025,1107 W Linwood Ave ,Turlock,CA,95380,Stanislaus,1107 W Linwood Ave #B,Turlock,CA,95380,(209) 667-1320,Ulises F. Lopez,ikesassociates@yahoo.com
101047,"Turlock Transfer, Inc.",,Collector,Active,5/9/2008,1100 S Walnut Road ,Turlock,CA,95380,Stanislaus,P.O. Box 1865 ,Turlock,CA,95381,(209) 668-7274,Darin Marchant,dmarchant@turlockscavenger.com
111062,"Solid Wastes Systems, Inc.",,Collector,Active,5/19/2010,3151 Taylor Dr ,Ukiah,CA,95482,Mendocino,P.O. Box 60 ,Ukiah,CA,95482,(707) 234-6400,Michelle Goodman,michelle.goodman@wasteconnections.com
101322,A.S.I Cyber Concepts LLC,,Collector,Active,3/23/2005,30311 Whipple Rd ,Union City,CA,94587,Alameda,30311 Whipple Rd ,Union City,CA,94587,(510) 468-2642,Eddie Inamdar,eddie@recycle1234.com
127392,ZS Recycling Inc,,Collector,Active,7/22/2024,110 N Third Ave ,Upland,CA,91786,San Bernardino,110 N Third Ave ,Upland,CA,91786,(951) 833-1708,Sam Zhang,samz@zsrecycling.com
117019,"E-Waste LA, Inc.",,Collector,Active,9/7/2018,7222 Valjean Ave ,Van Nuys,CA,91406,Los Angeles,7222 Valjean Ave ,Van Nuys,CA,91406,(818) 855-1585,Bagrat Shahbazyan,ewastelarecycling@gmail.com
100525,"Gold Coast Recycling and Transfer Station, Inc.",,Collector,Active,3/30/2007,5275 Colt St ,Ventura,CA,93003,Ventura,5275 Colt St Ste 2 ,Ventura,CA,93003,(805) 642-9236,M George Harrison,georgeh@ejharrison.com
103233,"Burrtec Waste Industries, Inc. (Victorville-Abbey Ln)",,Collector,Active,9/28/2005,17000 Abbey Ln ,Victorville,CA,92394,San Bernardino,17000 Abbey Ln ,Victorville,CA,92394,(760) 241-1284,Edwin Hernandez,hernandeze@burrtec.com
116184,"Burrtec Waste Industries, Inc. (Victorville-Anacapa Rd)",,Collector,Active,6/26/2015,15164 Anacapa Rd ,Victorville,CA,92392,San Bernardino,17080 Stoddard Wells Rd ,Victorville,CA,92394,(760) 245-8607,Tim Angelino,tangelino@burrtec.com
104347,City of Victorville,,Collector,Active,12/4/2014,14889 Loves Lane ,Victorville,CA,92395,San Bernardino,P.O. Box 5001 ,Victorville,CA,92393,(760) 955-8615,Anne Darroch,adarroch@victorvilleca.gov
102584,"Community Services & Employment Training, Inc. (CSET)",,Collector,Active,5/2/2005,312 NW 3rd Ave ,Visalia,CA,93291,Tulare,312 NW 3rd Ave ,Visalia,CA,93291,(559) 756-4135,Teresa Guzman,teresa.guzman@cset.org
111734,Visalia Rescue Mission,,Collector,Active,5/3/2010,2523 S Mooney Blvd ,Visalia,CA,93277,Tulare,741 N Santa Fe St ,Visalia,CA,92392,(559) 740-4178,Brandon Henderson,bhenderson@vrmhope.org
100866,"WM Recycle America, L.L.C.",,Collector,Active,1/1/2005,26951 Road 140 ,Visalia,CA,93292,Tulare,26951 Road 140 ,Visalia,CA,93292,(559) 741-1766,Brian Rogers,brogers8@wm.com
109877,"Tycoon Materials, Inc.",,Collector,Active,1/30/2009,218 Machlin Ct Unit E02,Walnut,CA,91789,Los Angeles,113 Interstellar ,Irvine,CA,92618,(844) 432-9257,James Ignacio,james@tycoonmaterialsinc.com
100946,Santa Cruz County,,Collector,Active,8/3/2015,1231 Buena Vista Dr ,Watsonville,CA,95076-8310,Santa Cruz,701 Ocean St Rm 410,Santa Cruz,CA,95060,(831) 454-2160,Kasey Kolassa,kasey.kolassa@santacruzcountyca.gov
101014,Trinity County Solid Waste,,Collector,Active,1/1/2005,173 Tom Bell Rd ,Weaverville,CA,96093,Trinity,P.O. Box 2700 ,Weaverville,CA,96093,(530) 623-1326,Diane Rader,drader@trinitycounty.org
127567,"Campos Bros. Recovery, Inc.",,Collector,Active,11/12/2024,520 Glide Ave Suite A-D,West Sacramento,CA,95691,Yolo,P.O. Box 1817 ,Boyes Hot Springs,CA,95416,(707) 277-1230,Jessica Echeverria,jecheverria@cbrecov.com
104438,"L.A. Junkies, Inc.",,Collector,Active,4/5/2006,2500 Townsgate Rd Ste I,Westlake Village,CA,91361,Ventura,6520 Platt Ave # 650,West Hills,CA,91307,(818) 535-8588,Jane Awni,jane.awni@1800gotjunk.com
127807,"Redwood Waste Solutions, Inc.",,Collector,Active,4/18/2024,350 Franklin Ave ,Willits,CA,95490,Mendocino,P.O. Box 60 ,Ukiah,CA,95482,(707) 234-6400,Michelle Goodman,michelle.goodman@wasteconnections.com
101207,County of Yolo,,Collector,Active,1/24/2005,44090 County Road 28H ,Woodland,CA,95776,Yolo,44090 County Road 28H ,Woodland,CA,95776,(530) 666-8852,Marissa Juhler,mjuhler@yolocounty.gov
116398,"Yolo Employment Services, Inc.",,Collector,Active,2/4/2016,220 Harter Ave ,Woodland,CA,95776,Yolo,660 6th St ,Woodland,CA,95695,(530) 662-8616,Martin Grosso,serveworks@yahoo.com
103767,County of Siskiyou,,Collector,Active,11/22/2005,2420 E Oberlin Rd ,Yreka,CA,96097,Siskiyou,190 Greenhorn Rd ,Yreka,CA,96097,(530) 842-8220,Jessica Skillen,jnskillen@co.siskiyou.ca.us
105942,Recology Yuba-Sutter (YSHHWF),,Collector,Active,2/5/2007,134 Burns Dr ,Yuba City,CA,95991,Sutter,3001 N Levee Rd ,Marysville,CA,95901,(530) 743-6933,Kayli Bolek,kbolek@recology.com
110037,"Recycling Industries, Inc.",,Collector,Active,2/19/2009,140 Epley Dr ,Yuba City,CA,95991,Sutter,140 Epley Dr ,Yuba City,CA,95991,(530) 671-2215,Tiffany Schneider,tiffanys@recyclingindustries.com